{
  "binary": "/Users/runner/work/lunjobenchmark/lunjobenchmark/voltcc",
  "generated_at_utc": "2026-03-12T16:56:06.935049+00:00",
  "host_machine": "arm64",
  "host_system": "Darwin",
  "suites": {
    "realworld_phases": {
      "fixtures": [
        {
          "fixture": "e1ap_rel18.4_specs",
          "parse_only": {
            "mean_sec": 0.013704749800035642,
            "measurements_sec": [
              0.013512666000110585,
              0.01203912500000115,
              0.012054292000016176,
              0.013591041000040605,
              0.0173266250000097
            ],
            "stddev_sec": 0.0021602154270877775
          },
          "runs": 5,
          "syntaxcheck": {
            "mean_sec": 0.06100654999997914,
            "measurements_sec": [
              0.060665541999924244,
              0.06343500000002678,
              0.06443324999997913,
              0.05548524999994697,
              0.061013708000018596
            ],
            "stddev_sec": 0.0034727774790559384
          },
          "validator_overhead_sec": 0.0473018001999435
        },
        {
          "fixture": "f1ap_rel18.6_specs",
          "parse_only": {
            "mean_sec": 0.03095454179999706,
            "measurements_sec": [
              0.03742975000000115,
              0.032337624999968284,
              0.030935167000052388,
              0.02696291699999165,
              0.027107249999971827
            ],
            "stddev_sec": 0.004317879644364678
          },
          "runs": 5,
          "syntaxcheck": {
            "mean_sec": 0.17214753360001395,
            "measurements_sec": [
              0.15735308400007852,
              0.16303695900001003,
              0.1859166250000044,
              0.18787329099995986,
              0.16655770900001698
            ],
            "stddev_sec": 0.013874542977601474
          },
          "validator_overhead_sec": 0.14119299180001688
        },
        {
          "fixture": "ngap_rel18.6_specs",
          "parse_only": {
            "mean_sec": 0.020849275000045964,
            "measurements_sec": [
              0.01964095800008181,
              0.02093675000003259,
              0.01984479200007172,
              0.023491625000019667,
              0.020332250000024032
            ],
            "stddev_sec": 0.0015593264826737692
          },
          "runs": 5,
          "syntaxcheck": {
            "mean_sec": 0.122300491399983,
            "measurements_sec": [
              0.12130079099995328,
              0.11437175000003208,
              0.1159612079999306,
              0.12835995800003275,
              0.1315087499999663
            ],
            "stddev_sec": 0.007509327816532255
          },
          "validator_overhead_sec": 0.10145121639993704
        }
      ],
      "suite": "realworld_phases"
    },
    "realworld_resources": {
      "fixtures": [
        {
          "fixture": "e1ap_rel18.4_specs",
          "parse_only": {
            "peak_cpu_pct": 0.0,
            "peak_rss_kb": 4928
          },
          "syntaxcheck": {
            "peak_cpu_pct": 0.0,
            "peak_rss_kb": 4496
          }
        },
        {
          "fixture": "f1ap_rel18.6_specs",
          "parse_only": {
            "peak_cpu_pct": 0.0,
            "peak_rss_kb": 7232
          },
          "syntaxcheck": {
            "peak_cpu_pct": 17.1,
            "peak_rss_kb": 578352
          }
        },
        {
          "fixture": "ngap_rel18.6_specs",
          "parse_only": {
            "peak_cpu_pct": 0.0,
            "peak_rss_kb": 5312
          },
          "syntaxcheck": {
            "peak_cpu_pct": 0.0,
            "peak_rss_kb": 4576
          }
        }
      ],
      "suite": "realworld_resources"
    },
    "syntaxcheck": {
      "suite": "syntaxcheck",
      "targets": [
        {
          "fixture": "x681_x682_x683_protocol_ie_container.asn",
          "kind": "file",
          "mean_sec": 0.003205374999955287,
          "measurements_sec": [
            0.004325582999967992,
            0.0026789999999436986,
            0.00261154199995417
          ],
          "repeat": 3
        },
        {
          "fixture": "lteNRRCC",
          "kind": "dir",
          "mean_sec": 0.11779056933335141,
          "measurements_sec": [
            0.1397973750000574,
            0.11109499999997752,
            0.10247933300001932
          ],
          "repeat": 3
        },
        {
          "fixture": "e1ap_rel18.4_specs",
          "kind": "dir",
          "mean_sec": 0.07738831900000302,
          "measurements_sec": [
            0.09756266600004437,
            0.07658045799996671,
            0.05802183299999797
          ],
          "repeat": 3
        },
        {
          "fixture": "f1ap_rel18.6_specs",
          "kind": "dir",
          "mean_sec": 0.3266272083333206,
          "measurements_sec": [
            0.5694268749999765,
            0.21745625000005475,
            0.19299849999993057
          ],
          "repeat": 3
        },
        {
          "fixture": "ngap_rel18.6_specs",
          "kind": "dir",
          "mean_sec": 0.12910080566670482,
          "measurements_sec": [
            0.12166100000001734,
            0.13629870900001606,
            0.12934270800008107
          ],
          "repeat": 3
        }
      ]
    }
  },
  "target": "macos-aarch64"
}
