{
  "binary": "D:\\a\\lunjobenchmark\\lunjobenchmark\\voltcc.exe",
  "generated_at_utc": "2026-03-12T16:56:13.416440+00:00",
  "host_machine": "AMD64",
  "host_system": "Windows",
  "suites": {
    "realworld_phases": {
      "fixtures": [
        {
          "fixture": "e1ap_rel18.4_specs",
          "parse_only": {
            "mean_sec": 0.02264261999999917,
            "measurements_sec": [
              0.022722899999990886,
              0.022429600000009486,
              0.022845199999977694,
              0.022366800000014564,
              0.022848600000003216
            ],
            "stddev_sec": 0.00022987251248178238
          },
          "runs": 5,
          "syntaxcheck": {
            "mean_sec": 0.0880116800000053,
            "measurements_sec": [
              0.0880738999999835,
              0.08738510000000588,
              0.08833710000001815,
              0.08890949999999975,
              0.08735280000001922
            ],
            "stddev_sec": 0.0006600332582485202
          },
          "validator_overhead_sec": 0.06536906000000613
        },
        {
          "fixture": "f1ap_rel18.6_specs",
          "parse_only": {
            "mean_sec": 0.050426860000004584,
            "measurements_sec": [
              0.05076289999999517,
              0.050712700000019595,
              0.05100639999997725,
              0.049209100000012995,
              0.050443200000017896
            ],
            "stddev_sec": 0.0007095245612292994
          },
          "runs": 5,
          "syntaxcheck": {
            "mean_sec": 0.2507006399999966,
            "measurements_sec": [
              0.2390786999999932,
              0.2512490000000014,
              0.2582696999999996,
              0.24962679999998727,
              0.2552790000000016
            ],
            "stddev_sec": 0.007327608238234958
          },
          "validator_overhead_sec": 0.20027377999999202
        },
        {
          "fixture": "ngap_rel18.6_specs",
          "parse_only": {
            "mean_sec": 0.03791457999999466,
            "measurements_sec": [
              0.037649199999975735,
              0.037581600000009985,
              0.03760639999998716,
              0.03878760000000625,
              0.037948099999994156
            ],
            "stddev_sec": 0.0005097952157544891
          },
          "runs": 5,
          "syntaxcheck": {
            "mean_sec": 0.18748953999999002,
            "measurements_sec": [
              0.18885199999999713,
              0.19052929999998014,
              0.18237479999999096,
              0.1840073999999845,
              0.19168419999999742
            ],
            "stddev_sec": 0.004091988357511855
          },
          "validator_overhead_sec": 0.14957495999999537
        }
      ],
      "suite": "realworld_phases"
    },
    "realworld_resources": {
      "fixtures": [
        {
          "fixture": "e1ap_rel18.4_specs",
          "parse_only": {
            "peak_cpu_pct": null,
            "peak_rss_kb": null
          },
          "syntaxcheck": {
            "peak_cpu_pct": null,
            "peak_rss_kb": null
          }
        },
        {
          "fixture": "f1ap_rel18.6_specs",
          "parse_only": {
            "peak_cpu_pct": null,
            "peak_rss_kb": null
          },
          "syntaxcheck": {
            "peak_cpu_pct": null,
            "peak_rss_kb": 342276
          }
        },
        {
          "fixture": "ngap_rel18.6_specs",
          "parse_only": {
            "peak_cpu_pct": null,
            "peak_rss_kb": null
          },
          "syntaxcheck": {
            "peak_cpu_pct": null,
            "peak_rss_kb": null
          }
        }
      ],
      "suite": "realworld_resources"
    },
    "syntaxcheck": {
      "suite": "syntaxcheck",
      "targets": [
        {
          "fixture": "x681_x682_x683_protocol_ie_container.asn",
          "kind": "file",
          "mean_sec": 0.0144453333333369,
          "measurements_sec": [
            0.03142909999999688,
            0.006037499999990814,
            0.005869400000023006
          ],
          "repeat": 3
        },
        {
          "fixture": "lteNRRCC",
          "kind": "dir",
          "mean_sec": 0.14343279999999936,
          "measurements_sec": [
            0.14003099999999336,
            0.14506810000000314,
            0.14519930000000159
          ],
          "repeat": 3
        },
        {
          "fixture": "e1ap_rel18.4_specs",
          "kind": "dir",
          "mean_sec": 0.08376233333333971,
          "measurements_sec": [
            0.08291320000000724,
            0.0830891999999892,
            0.08528460000002269
          ],
          "repeat": 3
        },
        {
          "fixture": "f1ap_rel18.6_specs",
          "kind": "dir",
          "mean_sec": 0.2527892999999987,
          "measurements_sec": [
            0.261461799999978,
            0.24727540000000658,
            0.24963070000001153
          ],
          "repeat": 3
        },
        {
          "fixture": "ngap_rel18.6_specs",
          "kind": "dir",
          "mean_sec": 0.18113870000000057,
          "measurements_sec": [
            0.18138999999999328,
            0.18144190000001004,
            0.18058419999999842
          ],
          "repeat": 3
        }
      ]
    }
  },
  "target": "windows-i386"
}
