{
  "binary": "/home/runner/work/lunjobenchmark/lunjobenchmark/voltcc",
  "generated_at_utc": "2026-03-12T16:56:07.057824+00:00",
  "host_machine": "aarch64",
  "host_system": "Linux",
  "suites": {
    "realworld_phases": {
      "fixtures": [
        {
          "fixture": "e1ap_rel18.4_specs",
          "parse_only": {
            "mean_sec": 0.014416063999993867,
            "measurements_sec": [
              0.014479614999999058,
              0.01439524199997777,
              0.014469861999998557,
              0.014330623000006426,
              0.014404977999987523
            ],
            "stddev_sec": 6.080619616007319e-05
          },
          "runs": 5,
          "syntaxcheck": {
            "mean_sec": 0.09829414040000302,
            "measurements_sec": [
              0.09939905900000667,
              0.09875670599998898,
              0.09705834900000809,
              0.09809316799999124,
              0.0981634200000201
            ],
            "stddev_sec": 0.0008688311343068943
          },
          "validator_overhead_sec": 0.08387807640000915
        },
        {
          "fixture": "f1ap_rel18.6_specs",
          "parse_only": {
            "mean_sec": 0.039317695600004754,
            "measurements_sec": [
              0.039216126000013674,
              0.03928771299999312,
              0.03933728399999836,
              0.03924311100001887,
              0.039504243999999744
            ],
            "stddev_sec": 0.0001139761087419864
          },
          "runs": 5,
          "syntaxcheck": {
            "mean_sec": 0.30383810739999717,
            "measurements_sec": [
              0.3046980980000171,
              0.3057959139999866,
              0.30099521499997195,
              0.3046626240000023,
              0.30303868600000783
            ],
            "stddev_sec": 0.001869059249438811
          },
          "validator_overhead_sec": 0.2645204117999924
        },
        {
          "fixture": "ngap_rel18.6_specs",
          "parse_only": {
            "mean_sec": 0.027480366800000412,
            "measurements_sec": [
              0.027193027000009806,
              0.02759680799999842,
              0.027444711999976334,
              0.02737477300001956,
              0.027792513999997936
            ],
            "stddev_sec": 0.00022692504464088192
          },
          "runs": 5,
          "syntaxcheck": {
            "mean_sec": 0.2194066640000017,
            "measurements_sec": [
              0.22053818899999555,
              0.21869295900000907,
              0.21876712299999213,
              0.2183292200000153,
              0.22070582899999636
            ],
            "stddev_sec": 0.0011233267126749687
          },
          "validator_overhead_sec": 0.1919262972000013
        }
      ],
      "suite": "realworld_phases"
    },
    "realworld_resources": {
      "fixtures": [
        {
          "fixture": "e1ap_rel18.4_specs",
          "parse_only": {
            "peak_cpu_pct": 0.0,
            "peak_rss_kb": 5616
          },
          "syntaxcheck": {
            "peak_cpu_pct": 0.0,
            "peak_rss_kb": 5676
          }
        },
        {
          "fixture": "f1ap_rel18.6_specs",
          "parse_only": {
            "peak_cpu_pct": 0.0,
            "peak_rss_kb": 6580
          },
          "syntaxcheck": {
            "peak_cpu_pct": 100.0,
            "peak_rss_kb": 421452
          }
        },
        {
          "fixture": "ngap_rel18.6_specs",
          "parse_only": {
            "peak_cpu_pct": 0.0,
            "peak_rss_kb": 5720
          },
          "syntaxcheck": {
            "peak_cpu_pct": 100.0,
            "peak_rss_kb": 216004
          }
        }
      ],
      "suite": "realworld_resources"
    },
    "syntaxcheck": {
      "suite": "syntaxcheck",
      "targets": [
        {
          "fixture": "x681_x682_x683_protocol_ie_container.asn",
          "kind": "file",
          "mean_sec": 0.001325435000003002,
          "measurements_sec": [
            0.001502555999991273,
            0.0013023410000130298,
            0.0011714080000047034
          ],
          "repeat": 3
        },
        {
          "fixture": "lteNRRCC",
          "kind": "dir",
          "mean_sec": 0.12648731099999586,
          "measurements_sec": [
            0.12616767599999434,
            0.12702228099999502,
            0.12627197599999818
          ],
          "repeat": 3
        },
        {
          "fixture": "e1ap_rel18.4_specs",
          "kind": "dir",
          "mean_sec": 0.09850848366666771,
          "measurements_sec": [
            0.09717518899998367,
            0.09914940100000535,
            0.09920086100001413
          ],
          "repeat": 3
        },
        {
          "fixture": "f1ap_rel18.6_specs",
          "kind": "dir",
          "mean_sec": 0.3052794353333373,
          "measurements_sec": [
            0.30588678800000935,
            0.30621351499999605,
            0.30373800300000653
          ],
          "repeat": 3
        },
        {
          "fixture": "ngap_rel18.6_specs",
          "kind": "dir",
          "mean_sec": 0.22404312766667545,
          "measurements_sec": [
            0.2231685000000141,
            0.22394020400000159,
            0.22502067900001066
          ],
          "repeat": 3
        }
      ]
    }
  },
  "target": "linux-aarch64"
}
