{
  "binary": "/home/runner/work/lunjobenchmark/lunjobenchmark/voltcc",
  "generated_at_utc": "2026-03-12T16:40:06.931230+00:00",
  "host_machine": "aarch64",
  "host_system": "Linux",
  "suites": {
    "realworld_phases": {
      "fixtures": [
        {
          "fixture": "e1ap_rel18.4_specs",
          "parse_only": {
            "mean_sec": 0.014256303800016213,
            "measurements_sec": [
              0.01446882900000901,
              0.014274434000014935,
              0.014241644000037468,
              0.014177376000020558,
              0.014119235999999091
            ],
            "stddev_sec": 0.00013297345029466992
          },
          "runs": 5,
          "syntaxcheck": {
            "mean_sec": 0.0973312653999983,
            "measurements_sec": [
              0.09813380700001062,
              0.09672452199998816,
              0.09611592199996721,
              0.09863772599999265,
              0.09704435000003286
            ],
            "stddev_sec": 0.0010342182916677043
          },
          "validator_overhead_sec": 0.08307496159998208
        },
        {
          "fixture": "f1ap_rel18.6_specs",
          "parse_only": {
            "mean_sec": 0.03915871119997973,
            "measurements_sec": [
              0.03944717599995329,
              0.03919276799996396,
              0.039215782999974635,
              0.03880577699999321,
              0.03913205200001357
            ],
            "stddev_sec": 0.00023070666400570622
          },
          "runs": 5,
          "syntaxcheck": {
            "mean_sec": 0.3009464114000025,
            "measurements_sec": [
              0.3021262389999606,
              0.29939525600002526,
              0.30097326600002816,
              0.3007577750000223,
              0.3014795209999761
            ],
            "stddev_sec": 0.001014715101275415
          },
          "validator_overhead_sec": 0.2617877002000228
        },
        {
          "fixture": "ngap_rel18.6_specs",
          "parse_only": {
            "mean_sec": 0.027227543399988008,
            "measurements_sec": [
              0.027398661999995966,
              0.027064972000005127,
              0.027222033999976247,
              0.027105759999983547,
              0.02734628899997915
            ],
            "stddev_sec": 0.00014549321537744451
          },
          "runs": 5,
          "syntaxcheck": {
            "mean_sec": 0.2196798174000037,
            "measurements_sec": [
              0.22039125600002762,
              0.21946773199999825,
              0.22176760600001444,
              0.21736377299998821,
              0.2194087199999899
            ],
            "stddev_sec": 0.001608379759258647
          },
          "validator_overhead_sec": 0.1924522740000157
        }
      ],
      "suite": "realworld_phases"
    },
    "realworld_resources": {
      "fixtures": [
        {
          "fixture": "e1ap_rel18.4_specs",
          "parse_only": {
            "peak_cpu_pct": 0.0,
            "peak_rss_kb": 5552
          },
          "syntaxcheck": {
            "peak_cpu_pct": 0.0,
            "peak_rss_kb": 5532
          }
        },
        {
          "fixture": "f1ap_rel18.6_specs",
          "parse_only": {
            "peak_cpu_pct": 0.0,
            "peak_rss_kb": 6512
          },
          "syntaxcheck": {
            "peak_cpu_pct": 95.2,
            "peak_rss_kb": 423612
          }
        },
        {
          "fixture": "ngap_rel18.6_specs",
          "parse_only": {
            "peak_cpu_pct": 0.0,
            "peak_rss_kb": 5684
          },
          "syntaxcheck": {
            "peak_cpu_pct": 95.2,
            "peak_rss_kb": 214888
          }
        }
      ],
      "suite": "realworld_resources"
    },
    "syntaxcheck": {
      "suite": "syntaxcheck",
      "targets": [
        {
          "fixture": "x681_x682_x683_protocol_ie_container.asn",
          "kind": "file",
          "mean_sec": 0.0013436743333462193,
          "measurements_sec": [
            0.0015133570000216423,
            0.0013267610000298191,
            0.0011909049999871968
          ],
          "repeat": 3
        },
        {
          "fixture": "lteNRRCC",
          "kind": "dir",
          "mean_sec": 0.12577812033331762,
          "measurements_sec": [
            0.12516008599999395,
            0.12618647499999724,
            0.12598779999996168
          ],
          "repeat": 3
        },
        {
          "fixture": "e1ap_rel18.4_specs",
          "kind": "dir",
          "mean_sec": 0.09772732033333871,
          "measurements_sec": [
            0.09806472700000768,
            0.0996316810000053,
            0.09548555300000316
          ],
          "repeat": 3
        },
        {
          "fixture": "f1ap_rel18.6_specs",
          "kind": "dir",
          "mean_sec": 0.30166608866666894,
          "measurements_sec": [
            0.2979776149999793,
            0.3067064620000224,
            0.30031418900000517
          ],
          "repeat": 3
        },
        {
          "fixture": "ngap_rel18.6_specs",
          "kind": "dir",
          "mean_sec": 0.22003702600001893,
          "measurements_sec": [
            0.2207853350000164,
            0.21924828200002366,
            0.22007746100001668
          ],
          "repeat": 3
        }
      ]
    }
  },
  "target": "linux-aarch64"
}
