{
  "binary": "/home/runner/work/lunjobenchmark/lunjobenchmark/voltcc",
  "generated_at_utc": "2026-03-12T16:39:56.077922+00:00",
  "host_machine": "x86_64",
  "host_system": "Linux",
  "suites": {
    "realworld_phases": {
      "fixtures": [
        {
          "fixture": "e1ap_rel18.4_specs",
          "parse_only": {
            "mean_sec": 0.019387832000001028,
            "measurements_sec": [
              0.019734071000002018,
              0.019387014000002978,
              0.019119678999999223,
              0.019717280999998366,
              0.018981115000002546
            ],
            "stddev_sec": 0.0003412270165676587
          },
          "runs": 5,
          "syntaxcheck": {
            "mean_sec": 0.07144253400000053,
            "measurements_sec": [
              0.07328873800000224,
              0.07171592499999946,
              0.07094512700000166,
              0.07032285600000421,
              0.0709400239999951
            ],
            "stddev_sec": 0.0011442050401842122
          },
          "validator_overhead_sec": 0.0520547019999995
        },
        {
          "fixture": "f1ap_rel18.6_specs",
          "parse_only": {
            "mean_sec": 0.047003692199999135,
            "measurements_sec": [
              0.047530309999999076,
              0.04729112500000099,
              0.047147643000002404,
              0.04705810799999455,
              0.045991274999998666
            ],
            "stddev_sec": 0.000593425526237538
          },
          "runs": 5,
          "syntaxcheck": {
            "mean_sec": 0.2045506157999995,
            "measurements_sec": [
              0.21065076099999658,
              0.20713205900000276,
              0.20609054500000212,
              0.20183457399999583,
              0.19704514000000017
            ],
            "stddev_sec": 0.005242996577355689
          },
          "validator_overhead_sec": 0.15754692360000036
        },
        {
          "fixture": "ngap_rel18.6_specs",
          "parse_only": {
            "mean_sec": 0.03433084040000125,
            "measurements_sec": [
              0.0348791850000012,
              0.03356588400000504,
              0.03430598699999621,
              0.03450261300000079,
              0.03440053300000301
            ],
            "stddev_sec": 0.00047979700664491516
          },
          "runs": 5,
          "syntaxcheck": {
            "mean_sec": 0.14988416359999945,
            "measurements_sec": [
              0.1487577999999985,
              0.1523443280000052,
              0.1503027349999968,
              0.14774293499999658,
              0.1502730200000002
            ],
            "stddev_sec": 0.0017487406231807409
          },
          "validator_overhead_sec": 0.1155533231999982
        }
      ],
      "suite": "realworld_phases"
    },
    "realworld_resources": {
      "fixtures": [
        {
          "fixture": "e1ap_rel18.4_specs",
          "parse_only": {
            "peak_cpu_pct": 0.0,
            "peak_rss_kb": 4860
          },
          "syntaxcheck": {
            "peak_cpu_pct": 0.0,
            "peak_rss_kb": 4484
          }
        },
        {
          "fixture": "f1ap_rel18.6_specs",
          "parse_only": {
            "peak_cpu_pct": 0.0,
            "peak_rss_kb": 4724
          },
          "syntaxcheck": {
            "peak_cpu_pct": 100.0,
            "peak_rss_kb": 181156
          }
        },
        {
          "fixture": "ngap_rel18.6_specs",
          "parse_only": {
            "peak_cpu_pct": 0.0,
            "peak_rss_kb": 5040
          },
          "syntaxcheck": {
            "peak_cpu_pct": 90.9,
            "peak_rss_kb": 203748
          }
        }
      ],
      "suite": "realworld_resources"
    },
    "syntaxcheck": {
      "suite": "syntaxcheck",
      "targets": [
        {
          "fixture": "x681_x682_x683_protocol_ie_container.asn",
          "kind": "file",
          "mean_sec": 0.0017913590000020463,
          "measurements_sec": [
            0.002090735000003008,
            0.0016787550000003648,
            0.0016045870000027662
          ],
          "repeat": 3
        },
        {
          "fixture": "lteNRRCC",
          "kind": "dir",
          "mean_sec": 0.14142964966666463,
          "measurements_sec": [
            0.14266099199999616,
            0.14242566499999754,
            0.13920229200000023
          ],
          "repeat": 3
        },
        {
          "fixture": "e1ap_rel18.4_specs",
          "kind": "dir",
          "mean_sec": 0.07539278866666639,
          "measurements_sec": [
            0.07454155899999648,
            0.07876072900000253,
            0.07287607800000018
          ],
          "repeat": 3
        },
        {
          "fixture": "f1ap_rel18.6_specs",
          "kind": "dir",
          "mean_sec": 0.21053341099999776,
          "measurements_sec": [
            0.22388320599999645,
            0.2038501609999983,
            0.20386686599999848
          ],
          "repeat": 3
        },
        {
          "fixture": "ngap_rel18.6_specs",
          "kind": "dir",
          "mean_sec": 0.15152923733333287,
          "measurements_sec": [
            0.15166663600000163,
            0.15432976599999648,
            0.14859131000000048
          ],
          "repeat": 3
        }
      ]
    }
  },
  "target": "linux-i386"
}
