{
  "binary": "/Users/runner/work/lunjobenchmark/lunjobenchmark/voltcc",
  "generated_at_utc": "2026-03-12T16:40:02.435895+00:00",
  "host_machine": "arm64",
  "host_system": "Darwin",
  "suites": {
    "realworld_phases": {
      "fixtures": [
        {
          "fixture": "e1ap_rel18.4_specs",
          "parse_only": {
            "mean_sec": 0.012325841799997761,
            "measurements_sec": [
              0.013047875000040676,
              0.01251445899998771,
              0.011940041000002566,
              0.012200958999983413,
              0.01192587499997444
            ],
            "stddev_sec": 0.0004693931726797676
          },
          "runs": 5,
          "syntaxcheck": {
            "mean_sec": 0.05416974160000336,
            "measurements_sec": [
              0.05903379100004713,
              0.05683008300002257,
              0.052969000000018696,
              0.05180304199996044,
              0.050212791999967976
            ],
            "stddev_sec": 0.00365502703323517
          },
          "validator_overhead_sec": 0.0418438998000056
        },
        {
          "fixture": "f1ap_rel18.6_specs",
          "parse_only": {
            "mean_sec": 0.023520633199996154,
            "measurements_sec": [
              0.024035291000018333,
              0.023529124999981832,
              0.023313416000007692,
              0.02333958399998437,
              0.023385749999988548
            ],
            "stddev_sec": 0.00029952296248823856
          },
          "runs": 5,
          "syntaxcheck": {
            "mean_sec": 0.16026910839999572,
            "measurements_sec": [
              0.14505045799995742,
              0.1834184169999844,
              0.168139750000023,
              0.1558582920000049,
              0.14887862500000892
            ],
            "stddev_sec": 0.015641636912836033
          },
          "validator_overhead_sec": 0.13674847519999958
        },
        {
          "fixture": "ngap_rel18.6_specs",
          "parse_only": {
            "mean_sec": 0.019654891600009706,
            "measurements_sec": [
              0.01935033300003397,
              0.01989558300005001,
              0.01973208300000806,
              0.019619666999972196,
              0.01967679199998429
            ],
            "stddev_sec": 0.0001989768850099787
          },
          "runs": 5,
          "syntaxcheck": {
            "mean_sec": 0.1263497331999929,
            "measurements_sec": [
              0.11953074999996716,
              0.16094262500001832,
              0.11404370799999697,
              0.11778620799998407,
              0.11944537499999797
            ],
            "stddev_sec": 0.019465412127659013
          },
          "validator_overhead_sec": 0.1066948415999832
        }
      ],
      "suite": "realworld_phases"
    },
    "realworld_resources": {
      "fixtures": [
        {
          "fixture": "e1ap_rel18.4_specs",
          "parse_only": {
            "peak_cpu_pct": 0.0,
            "peak_rss_kb": 4960
          },
          "syntaxcheck": {
            "peak_cpu_pct": 0.0,
            "peak_rss_kb": 32672
          }
        },
        {
          "fixture": "f1ap_rel18.6_specs",
          "parse_only": {
            "peak_cpu_pct": 0.0,
            "peak_rss_kb": 8496
          },
          "syntaxcheck": {
            "peak_cpu_pct": 0.0,
            "peak_rss_kb": 9520
          }
        },
        {
          "fixture": "ngap_rel18.6_specs",
          "parse_only": {
            "peak_cpu_pct": 0.0,
            "peak_rss_kb": 4576
          },
          "syntaxcheck": {
            "peak_cpu_pct": 0.0,
            "peak_rss_kb": 4640
          }
        }
      ],
      "suite": "realworld_resources"
    },
    "syntaxcheck": {
      "suite": "syntaxcheck",
      "targets": [
        {
          "fixture": "x681_x682_x683_protocol_ie_container.asn",
          "kind": "file",
          "mean_sec": 0.003226735666676935,
          "measurements_sec": [
            0.004321666000009827,
            0.0031244580000020505,
            0.002234083000018927
          ],
          "repeat": 3
        },
        {
          "fixture": "lteNRRCC",
          "kind": "dir",
          "mean_sec": 0.08829177766667347,
          "measurements_sec": [
            0.09621150000003809,
            0.09035604199999625,
            0.07830779099998608
          ],
          "repeat": 3
        },
        {
          "fixture": "e1ap_rel18.4_specs",
          "kind": "dir",
          "mean_sec": 0.07665406966668797,
          "measurements_sec": [
            0.10716158300004963,
            0.07200370900000053,
            0.050796917000013764
          ],
          "repeat": 3
        },
        {
          "fixture": "f1ap_rel18.6_specs",
          "kind": "dir",
          "mean_sec": 0.2504768333333421,
          "measurements_sec": [
            0.431566499999974,
            0.17867212500004825,
            0.14119187500000407
          ],
          "repeat": 3
        },
        {
          "fixture": "ngap_rel18.6_specs",
          "kind": "dir",
          "mean_sec": 0.10771249999997205,
          "measurements_sec": [
            0.10714166699995076,
            0.10795550000000276,
            0.10804033299996263
          ],
          "repeat": 3
        }
      ]
    }
  },
  "target": "macos-aarch64"
}
