{
  "binary": "D:\\a\\lunjobenchmark\\lunjobenchmark\\voltcc.exe",
  "generated_at_utc": "2026-03-12T16:40:03.388377+00:00",
  "host_machine": "AMD64",
  "host_system": "Windows",
  "suites": {
    "realworld_phases": {
      "fixtures": [
        {
          "fixture": "e1ap_rel18.4_specs",
          "parse_only": {
            "mean_sec": 0.021164999999973587,
            "measurements_sec": [
              0.021246800000199073,
              0.02124299999991308,
              0.020813099999941187,
              0.021364999999832435,
              0.021157099999982165
            ],
            "stddev_sec": 0.00021016140225649032
          },
          "runs": 5,
          "syntaxcheck": {
            "mean_sec": 0.08439825999994355,
            "measurements_sec": [
              0.08441850000008344,
              0.08427839999990283,
              0.08334149999996043,
              0.08368509999991147,
              0.08626779999985956
            ],
            "stddev_sec": 0.0011330594392739795
          },
          "validator_overhead_sec": 0.06323325999996995
        },
        {
          "fixture": "f1ap_rel18.6_specs",
          "parse_only": {
            "mean_sec": 0.05048625999997967,
            "measurements_sec": [
              0.05075809999993908,
              0.05063979999999901,
              0.050577799999928175,
              0.050246000000015556,
              0.05020960000001651
            ],
            "stddev_sec": 0.00024500852635001073
          },
          "runs": 5,
          "syntaxcheck": {
            "mean_sec": 0.24693081999998867,
            "measurements_sec": [
              0.23267590000000382,
              0.24444470000003093,
              0.24832549999996445,
              0.24471429999994143,
              0.2644937000000027
            ],
            "stddev_sec": 0.011453126035803425
          },
          "validator_overhead_sec": 0.196444560000009
        },
        {
          "fixture": "ngap_rel18.6_specs",
          "parse_only": {
            "mean_sec": 0.037724219999972775,
            "measurements_sec": [
              0.038132499999846914,
              0.037752899999986766,
              0.03758789999983492,
              0.03754720000006273,
              0.037600600000132545
            ],
            "stddev_sec": 0.00024120335189641625
          },
          "runs": 5,
          "syntaxcheck": {
            "mean_sec": 0.17820827999994435,
            "measurements_sec": [
              0.17962839999995595,
              0.17928460000007362,
              0.18061969999985195,
              0.17610979999994925,
              0.175398899999891
            ],
            "stddev_sec": 0.002306858592769872
          },
          "validator_overhead_sec": 0.14048405999997157
        }
      ],
      "suite": "realworld_phases"
    },
    "realworld_resources": {
      "fixtures": [
        {
          "fixture": "e1ap_rel18.4_specs",
          "parse_only": {
            "peak_cpu_pct": null,
            "peak_rss_kb": null
          },
          "syntaxcheck": {
            "peak_cpu_pct": null,
            "peak_rss_kb": null
          }
        },
        {
          "fixture": "f1ap_rel18.6_specs",
          "parse_only": {
            "peak_cpu_pct": null,
            "peak_rss_kb": null
          },
          "syntaxcheck": {
            "peak_cpu_pct": null,
            "peak_rss_kb": 336840
          }
        },
        {
          "fixture": "ngap_rel18.6_specs",
          "parse_only": {
            "peak_cpu_pct": null,
            "peak_rss_kb": null
          },
          "syntaxcheck": {
            "peak_cpu_pct": null,
            "peak_rss_kb": null
          }
        }
      ],
      "suite": "realworld_resources"
    },
    "syntaxcheck": {
      "suite": "syntaxcheck",
      "targets": [
        {
          "fixture": "x681_x682_x683_protocol_ie_container.asn",
          "kind": "file",
          "mean_sec": 0.014824200000020937,
          "measurements_sec": [
            0.03277939999998125,
            0.0058817999999973836,
            0.005811400000084177
          ],
          "repeat": 3
        },
        {
          "fixture": "lteNRRCC",
          "kind": "dir",
          "mean_sec": 0.1415852666667282,
          "measurements_sec": [
            0.13905429999999797,
            0.14424050000002353,
            0.14146100000016304
          ],
          "repeat": 3
        },
        {
          "fixture": "e1ap_rel18.4_specs",
          "kind": "dir",
          "mean_sec": 0.08196386666668332,
          "measurements_sec": [
            0.08209800000008727,
            0.08186660000001211,
            0.08192699999995057
          ],
          "repeat": 3
        },
        {
          "fixture": "f1ap_rel18.6_specs",
          "kind": "dir",
          "mean_sec": 0.23950679999999616,
          "measurements_sec": [
            0.2370774999999412,
            0.24010360000011133,
            0.24133929999993597
          ],
          "repeat": 3
        },
        {
          "fixture": "ngap_rel18.6_specs",
          "kind": "dir",
          "mean_sec": 0.17488850000002762,
          "measurements_sec": [
            0.17769399999997404,
            0.17865310000001955,
            0.16831840000008924
          ],
          "repeat": 3
        }
      ]
    }
  },
  "target": "windows-i386"
}
