{
  "binary": "D:\\a\\lunjobenchmark\\lunjobenchmark\\voltcc.exe",
  "generated_at_utc": "2026-03-12T16:40:04.400188+00:00",
  "host_machine": "AMD64",
  "host_system": "Windows",
  "suites": {
    "realworld_phases": {
      "fixtures": [
        {
          "fixture": "e1ap_rel18.4_specs",
          "parse_only": {
            "mean_sec": 0.019279840000001512,
            "measurements_sec": [
              0.01855760000000828,
              0.018394999999998163,
              0.01976099999998837,
              0.02064860000001545,
              0.019036999999997306
            ],
            "stddev_sec": 0.000931203870270053
          },
          "runs": 5,
          "syntaxcheck": {
            "mean_sec": 0.08961710000000381,
            "measurements_sec": [
              0.08466150000000994,
              0.08449509999999805,
              0.08873370000000591,
              0.09454149999999117,
              0.09565370000001394
            ],
            "stddev_sec": 0.005297723705517127
          },
          "validator_overhead_sec": 0.07033726000000229
        },
        {
          "fixture": "f1ap_rel18.6_specs",
          "parse_only": {
            "mean_sec": 0.04347201999999584,
            "measurements_sec": [
              0.043795599999981505,
              0.04319750000001932,
              0.043787100000002965,
              0.04353119999998967,
              0.04304869999998573
            ],
            "stddev_sec": 0.0003398686319705573
          },
          "runs": 5,
          "syntaxcheck": {
            "mean_sec": 0.2766733800000054,
            "measurements_sec": [
              0.28503050000000485,
              0.2548107000000073,
              0.28294049999999515,
              0.2817488000000026,
              0.2788364000000172
            ],
            "stddev_sec": 0.012425111350283775
          },
          "validator_overhead_sec": 0.23320136000000957
        },
        {
          "fixture": "ngap_rel18.6_specs",
          "parse_only": {
            "mean_sec": 0.03152322000000254,
            "measurements_sec": [
              0.0326060999999811,
              0.031177000000013777,
              0.030993600000016386,
              0.03155620000001136,
              0.031283199999990075
            ],
            "stddev_sec": 0.0006386885015282644
          },
          "runs": 5,
          "syntaxcheck": {
            "mean_sec": 0.20860649999999054,
            "measurements_sec": [
              0.2080837000000031,
              0.20638539999998784,
              0.20675119999998515,
              0.20353069999998752,
              0.21828149999998914
            ],
            "stddev_sec": 0.005657254497104192
          },
          "validator_overhead_sec": 0.177083279999988
        }
      ],
      "suite": "realworld_phases"
    },
    "realworld_resources": {
      "fixtures": [
        {
          "fixture": "e1ap_rel18.4_specs",
          "parse_only": {
            "peak_cpu_pct": null,
            "peak_rss_kb": null
          },
          "syntaxcheck": {
            "peak_cpu_pct": null,
            "peak_rss_kb": null
          }
        },
        {
          "fixture": "f1ap_rel18.6_specs",
          "parse_only": {
            "peak_cpu_pct": null,
            "peak_rss_kb": null
          },
          "syntaxcheck": {
            "peak_cpu_pct": null,
            "peak_rss_kb": 461024
          }
        },
        {
          "fixture": "ngap_rel18.6_specs",
          "parse_only": {
            "peak_cpu_pct": null,
            "peak_rss_kb": null
          },
          "syntaxcheck": {
            "peak_cpu_pct": null,
            "peak_rss_kb": null
          }
        }
      ],
      "suite": "realworld_resources"
    },
    "syntaxcheck": {
      "suite": "syntaxcheck",
      "targets": [
        {
          "fixture": "x681_x682_x683_protocol_ie_container.asn",
          "kind": "file",
          "mean_sec": 0.0066599333333291115,
          "measurements_sec": [
            0.011033499999996366,
            0.004432699999995293,
            0.004513599999995677
          ],
          "repeat": 3
        },
        {
          "fixture": "lteNRRCC",
          "kind": "dir",
          "mean_sec": 0.12690479999998652,
          "measurements_sec": [
            0.1239575999999829,
            0.12815929999999298,
            0.1285974999999837
          ],
          "repeat": 3
        },
        {
          "fixture": "e1ap_rel18.4_specs",
          "kind": "dir",
          "mean_sec": 0.09135776666666591,
          "measurements_sec": [
            0.08988930000001005,
            0.09205710000000522,
            0.09212689999998247
          ],
          "repeat": 3
        },
        {
          "fixture": "f1ap_rel18.6_specs",
          "kind": "dir",
          "mean_sec": 0.2784485000000056,
          "measurements_sec": [
            0.2660859000000073,
            0.28660709999999767,
            0.28265250000001174
          ],
          "repeat": 3
        },
        {
          "fixture": "ngap_rel18.6_specs",
          "kind": "dir",
          "mean_sec": 0.2074995666666742,
          "measurements_sec": [
            0.20691809999999577,
            0.20808200000001875,
            0.20749860000000808
          ],
          "repeat": 3
        }
      ]
    }
  },
  "target": "windows-x86_64"
}
