{
  "binary": "/home/runner/work/lunjobenchmark/lunjobenchmark/voltcc",
  "generated_at_utc": "2026-03-12T16:55:59.401989+00:00",
  "host_machine": "x86_64",
  "host_system": "Linux",
  "suites": {
    "realworld_phases": {
      "fixtures": [
        {
          "fixture": "e1ap_rel18.4_specs",
          "parse_only": {
            "mean_sec": 0.014679246199989393,
            "measurements_sec": [
              0.015400298000031398,
              0.014719356999989941,
              0.014830246999963492,
              0.01427143499995509,
              0.014174894000007043
            ],
            "stddev_sec": 0.0004911738319357445
          },
          "runs": 5,
          "syntaxcheck": {
            "mean_sec": 0.06966826180005228,
            "measurements_sec": [
              0.06895326000005753,
              0.06930085700003019,
              0.07013546100006351,
              0.06983942500005469,
              0.07011230600005547
            ],
            "stddev_sec": 0.000522245403559879
          },
          "validator_overhead_sec": 0.05498901560006289
        },
        {
          "fixture": "f1ap_rel18.6_specs",
          "parse_only": {
            "mean_sec": 0.03787911199997325,
            "measurements_sec": [
              0.03889471299999059,
              0.03778129799991348,
              0.03727198399997178,
              0.038007128999993256,
              0.037440435999997135
            ],
            "stddev_sec": 0.0006360900807823649
          },
          "runs": 5,
          "syntaxcheck": {
            "mean_sec": 0.20792334539996774,
            "measurements_sec": [
              0.20555443199998535,
              0.2075975399999379,
              0.21002300299994658,
              0.20893448200001785,
              0.20750726999995095
            ],
            "stddev_sec": 0.0016824073417958014
          },
          "validator_overhead_sec": 0.17004423339999447
        },
        {
          "fixture": "ngap_rel18.6_specs",
          "parse_only": {
            "mean_sec": 0.02735657380003431,
            "measurements_sec": [
              0.028255351999973755,
              0.027632218000007924,
              0.02731828600008157,
              0.02687484700004461,
              0.0267021660000637
            ],
            "stddev_sec": 0.0006216024074481604
          },
          "runs": 5,
          "syntaxcheck": {
            "mean_sec": 0.15156725300000745,
            "measurements_sec": [
              0.1497699179999472,
              0.15359867000006489,
              0.15184854799997538,
              0.15052288399999725,
              0.15209624500005248
            ],
            "stddev_sec": 0.001483807109420291
          },
          "validator_overhead_sec": 0.12421067919997314
        }
      ],
      "suite": "realworld_phases"
    },
    "realworld_resources": {
      "fixtures": [
        {
          "fixture": "e1ap_rel18.4_specs",
          "parse_only": {
            "peak_cpu_pct": 0.0,
            "peak_rss_kb": 4024
          },
          "syntaxcheck": {
            "peak_cpu_pct": 0.0,
            "peak_rss_kb": 4080
          }
        },
        {
          "fixture": "f1ap_rel18.6_specs",
          "parse_only": {
            "peak_cpu_pct": 0.0,
            "peak_rss_kb": 4760
          },
          "syntaxcheck": {
            "peak_cpu_pct": 90.9,
            "peak_rss_kb": 167884
          }
        },
        {
          "fixture": "ngap_rel18.6_specs",
          "parse_only": {
            "peak_cpu_pct": 0.0,
            "peak_rss_kb": 4440
          },
          "syntaxcheck": {
            "peak_cpu_pct": 90.9,
            "peak_rss_kb": 199964
          }
        }
      ],
      "suite": "realworld_resources"
    },
    "syntaxcheck": {
      "suite": "syntaxcheck",
      "targets": [
        {
          "fixture": "x681_x682_x683_protocol_ie_container.asn",
          "kind": "file",
          "mean_sec": 0.0012760693333196589,
          "measurements_sec": [
            0.0016678559999263598,
            0.001122893000001568,
            0.001037459000031049
          ],
          "repeat": 3
        },
        {
          "fixture": "lteNRRCC",
          "kind": "dir",
          "mean_sec": 0.12224947166665363,
          "measurements_sec": [
            0.12067129900003692,
            0.125991145999933,
            0.120085969999991
          ],
          "repeat": 3
        },
        {
          "fixture": "e1ap_rel18.4_specs",
          "kind": "dir",
          "mean_sec": 0.07043217166669062,
          "measurements_sec": [
            0.07037842900001579,
            0.07030672100006541,
            0.07061136499999066
          ],
          "repeat": 3
        },
        {
          "fixture": "f1ap_rel18.6_specs",
          "kind": "dir",
          "mean_sec": 0.20878518533334045,
          "measurements_sec": [
            0.20947864499999014,
            0.2086391459999959,
            0.20823776500003532
          ],
          "repeat": 3
        },
        {
          "fixture": "ngap_rel18.6_specs",
          "kind": "dir",
          "mean_sec": 0.15208127500000046,
          "measurements_sec": [
            0.15202281200004109,
            0.15265080300002865,
            0.15157020999993165
          ],
          "repeat": 3
        }
      ]
    }
  },
  "target": "linux-i386"
}
