{
  "binary": "D:\\a\\lunjobenchmark\\lunjobenchmark\\voltcc.exe",
  "generated_at_utc": "2026-03-12T16:56:06.945547+00:00",
  "host_machine": "AMD64",
  "host_system": "Windows",
  "suites": {
    "realworld_phases": {
      "fixtures": [
        {
          "fixture": "e1ap_rel18.4_specs",
          "parse_only": {
            "mean_sec": 0.018531540000003587,
            "measurements_sec": [
              0.01864100000000235,
              0.01857830000000149,
              0.01835390000002235,
              0.018451900000002297,
              0.018632599999989452
            ],
            "stddev_sec": 0.00012477941736341747
          },
          "runs": 5,
          "syntaxcheck": {
            "mean_sec": 0.09409053999999059,
            "measurements_sec": [
              0.09568559999996751,
              0.09376429999997526,
              0.09366529999999784,
              0.09352799999999206,
              0.09380950000002031
            ],
            "stddev_sec": 0.0008981804846343297
          },
          "validator_overhead_sec": 0.075558999999987
        },
        {
          "fixture": "f1ap_rel18.6_specs",
          "parse_only": {
            "mean_sec": 0.04329939999998942,
            "measurements_sec": [
              0.04360049999996818,
              0.043973899999969035,
              0.04536200000001145,
              0.041777700000011464,
              0.04178289999998697
            ],
            "stddev_sec": 0.0015342158713811214
          },
          "runs": 5,
          "syntaxcheck": {
            "mean_sec": 0.27705960000000684,
            "measurements_sec": [
              0.2591914999999858,
              0.29746720000002824,
              0.2838792000000012,
              0.2558781000000181,
              0.28888200000000097
            ],
            "stddev_sec": 0.01851128820166855
          },
          "validator_overhead_sec": 0.23376020000001743
        },
        {
          "fixture": "ngap_rel18.6_specs",
          "parse_only": {
            "mean_sec": 0.032070880000003396,
            "measurements_sec": [
              0.03191039999995837,
              0.03206850000003669,
              0.03237280000001874,
              0.03225009999999884,
              0.03175260000000435
            ],
            "stddev_sec": 0.00025016851721455595
          },
          "runs": 5,
          "syntaxcheck": {
            "mean_sec": 0.20171102000001612,
            "measurements_sec": [
              0.20511110000001054,
              0.19176960000004328,
              0.19888800000001083,
              0.20520000000004757,
              0.2075863999999683
            ],
            "stddev_sec": 0.006423684478691132
          },
          "validator_overhead_sec": 0.1696401400000127
        }
      ],
      "suite": "realworld_phases"
    },
    "realworld_resources": {
      "fixtures": [
        {
          "fixture": "e1ap_rel18.4_specs",
          "parse_only": {
            "peak_cpu_pct": null,
            "peak_rss_kb": null
          },
          "syntaxcheck": {
            "peak_cpu_pct": null,
            "peak_rss_kb": null
          }
        },
        {
          "fixture": "f1ap_rel18.6_specs",
          "parse_only": {
            "peak_cpu_pct": null,
            "peak_rss_kb": null
          },
          "syntaxcheck": {
            "peak_cpu_pct": null,
            "peak_rss_kb": 421076
          }
        },
        {
          "fixture": "ngap_rel18.6_specs",
          "parse_only": {
            "peak_cpu_pct": null,
            "peak_rss_kb": null
          },
          "syntaxcheck": {
            "peak_cpu_pct": null,
            "peak_rss_kb": 431744
          }
        }
      ],
      "suite": "realworld_resources"
    },
    "syntaxcheck": {
      "suite": "syntaxcheck",
      "targets": [
        {
          "fixture": "x681_x682_x683_protocol_ie_container.asn",
          "kind": "file",
          "mean_sec": 0.0067249666666763614,
          "measurements_sec": [
            0.010855999999989763,
            0.004753100000016275,
            0.004565800000023046
          ],
          "repeat": 3
        },
        {
          "fixture": "lteNRRCC",
          "kind": "dir",
          "mean_sec": 0.13327809999998408,
          "measurements_sec": [
            0.12396449999999959,
            0.14569929999998976,
            0.13017049999996289
          ],
          "repeat": 3
        },
        {
          "fixture": "e1ap_rel18.4_specs",
          "kind": "dir",
          "mean_sec": 0.09214146666666541,
          "measurements_sec": [
            0.0910427000000027,
            0.09211499999997841,
            0.09326670000001513
          ],
          "repeat": 3
        },
        {
          "fixture": "f1ap_rel18.6_specs",
          "kind": "dir",
          "mean_sec": 0.2772954999999797,
          "measurements_sec": [
            0.2653649999999743,
            0.2840114999999628,
            0.28251000000000204
          ],
          "repeat": 3
        },
        {
          "fixture": "ngap_rel18.6_specs",
          "kind": "dir",
          "mean_sec": 0.2024725999999646,
          "measurements_sec": [
            0.20832869999998138,
            0.19837909999995418,
            0.2007099999999582
          ],
          "repeat": 3
        }
      ]
    }
  },
  "target": "windows-x86_64"
}
