{
  "binary": "/home/runner/work/lunjobenchmark/lunjobenchmark/voltcc",
  "generated_at_utc": "2026-03-12T16:39:56.804316+00:00",
  "host_machine": "x86_64",
  "host_system": "Linux",
  "suites": {
    "realworld_phases": {
      "fixtures": [
        {
          "fixture": "e1ap_rel18.4_specs",
          "parse_only": {
            "mean_sec": 0.015624316599999587,
            "measurements_sec": [
              0.019124277000003076,
              0.0144430249999985,
              0.014889136999997277,
              0.014793001999997557,
              0.014872142000001531
            ],
            "stddev_sec": 0.0019648481037439027
          },
          "runs": 5,
          "syntaxcheck": {
            "mean_sec": 0.09975932140000196,
            "measurements_sec": [
              0.08740490899999998,
              0.09660625500000464,
              0.138179681000004,
              0.08818273699999679,
              0.08842302500000443
            ],
            "stddev_sec": 0.021801526825572466
          },
          "validator_overhead_sec": 0.08413500480000237
        },
        {
          "fixture": "f1ap_rel18.6_specs",
          "parse_only": {
            "mean_sec": 0.038499898200001326,
            "measurements_sec": [
              0.03805181799999957,
              0.038525743000001,
              0.038987728000002164,
              0.03748243799999784,
              0.03945176400000605
            ],
            "stddev_sec": 0.0007714751280662357
          },
          "runs": 5,
          "syntaxcheck": {
            "mean_sec": 0.2643370474000008,
            "measurements_sec": [
              0.2615150629999974,
              0.26791691399999706,
              0.26452223400000463,
              0.2664167910000046,
              0.2613142350000004
            ],
            "stddev_sec": 0.0029272881286185933
          },
          "validator_overhead_sec": 0.22583714919999948
        },
        {
          "fixture": "ngap_rel18.6_specs",
          "parse_only": {
            "mean_sec": 0.02743600339999972,
            "measurements_sec": [
              0.027607191000001308,
              0.027163425999994217,
              0.027569796999998175,
              0.027553308000001664,
              0.027286295000003236
            ],
            "stddev_sec": 0.00019854302745232167
          },
          "runs": 5,
          "syntaxcheck": {
            "mean_sec": 0.19254377819999888,
            "measurements_sec": [
              0.1901395579999985,
              0.19731990700000068,
              0.19355685699999725,
              0.18901719299999797,
              0.19268537600000002
            ],
            "stddev_sec": 0.0032432569605696264
          },
          "validator_overhead_sec": 0.16510777479999916
        }
      ],
      "suite": "realworld_phases"
    },
    "realworld_resources": {
      "fixtures": [
        {
          "fixture": "e1ap_rel18.4_specs",
          "parse_only": {
            "peak_cpu_pct": 0.0,
            "peak_rss_kb": 5588
          },
          "syntaxcheck": {
            "peak_cpu_pct": 0.0,
            "peak_rss_kb": 5172
          }
        },
        {
          "fixture": "f1ap_rel18.6_specs",
          "parse_only": {
            "peak_cpu_pct": 0.0,
            "peak_rss_kb": 7860
          },
          "syntaxcheck": {
            "peak_cpu_pct": 95.4,
            "peak_rss_kb": 467868
          }
        },
        {
          "fixture": "ngap_rel18.6_specs",
          "parse_only": {
            "peak_cpu_pct": 0.0,
            "peak_rss_kb": 5784
          },
          "syntaxcheck": {
            "peak_cpu_pct": 90.9,
            "peak_rss_kb": 245208
          }
        }
      ],
      "suite": "realworld_resources"
    },
    "syntaxcheck": {
      "suite": "syntaxcheck",
      "targets": [
        {
          "fixture": "x681_x682_x683_protocol_ie_container.asn",
          "kind": "file",
          "mean_sec": 0.0013200866666641293,
          "measurements_sec": [
            0.0015923539999960212,
            0.0012799829999963208,
            0.0010879230000000462
          ],
          "repeat": 3
        },
        {
          "fixture": "lteNRRCC",
          "kind": "dir",
          "mean_sec": 0.12139023966666684,
          "measurements_sec": [
            0.12104720299999627,
            0.12126324900000185,
            0.12186026700000241
          ],
          "repeat": 3
        },
        {
          "fixture": "e1ap_rel18.4_specs",
          "kind": "dir",
          "mean_sec": 0.08665189933333058,
          "measurements_sec": [
            0.08592707499999364,
            0.08755140400000272,
            0.08647721899999539
          ],
          "repeat": 3
        },
        {
          "fixture": "f1ap_rel18.6_specs",
          "kind": "dir",
          "mean_sec": 0.26226699433333306,
          "measurements_sec": [
            0.2647572509999989,
            0.26366011300000025,
            0.25838361899999995
          ],
          "repeat": 3
        },
        {
          "fixture": "ngap_rel18.6_specs",
          "kind": "dir",
          "mean_sec": 0.18788237633333202,
          "measurements_sec": [
            0.18694614900000062,
            0.18767659999999609,
            0.18902437999999933
          ],
          "repeat": 3
        }
      ]
    }
  },
  "target": "linux-x86_64"
}
