{
  "binary": "/home/runner/work/lunjobenchmark/lunjobenchmark/voltcc",
  "generated_at_utc": "2026-03-12T16:56:11.330462+00:00",
  "host_machine": "x86_64",
  "host_system": "Linux",
  "suites": {
    "realworld_phases": {
      "fixtures": [
        {
          "fixture": "e1ap_rel18.4_specs",
          "parse_only": {
            "mean_sec": 0.016623067599999784,
            "measurements_sec": [
              0.016458474000003775,
              0.017276105000007647,
              0.017313092999998503,
              0.016004397999992648,
              0.016063267999996356
            ],
            "stddev_sec": 0.0006375365906654016
          },
          "runs": 5,
          "syntaxcheck": {
            "mean_sec": 0.07066140320000613,
            "measurements_sec": [
              0.06995847700000013,
              0.0704795370000113,
              0.0708969230000065,
              0.07045876800000883,
              0.07151331100000391
            ],
            "stddev_sec": 0.0005808308827711055
          },
          "validator_overhead_sec": 0.05403833560000635
        },
        {
          "fixture": "f1ap_rel18.6_specs",
          "parse_only": {
            "mean_sec": 0.03814854640000078,
            "measurements_sec": [
              0.039954621000006796,
              0.037958477000003654,
              0.037940432999988616,
              0.03743197699999712,
              0.03745722400000773
            ],
            "stddev_sec": 0.0010407619072848198
          },
          "runs": 5,
          "syntaxcheck": {
            "mean_sec": 0.1948111353999991,
            "measurements_sec": [
              0.19412923400000182,
              0.19488796599999603,
              0.19622015699999906,
              0.1942181699999992,
              0.19460014999999942
            ],
            "stddev_sec": 0.0008444461401253897
          },
          "validator_overhead_sec": 0.15666258899999833
        },
        {
          "fixture": "ngap_rel18.6_specs",
          "parse_only": {
            "mean_sec": 0.028696437799996487,
            "measurements_sec": [
              0.029714557999994895,
              0.029203236999990168,
              0.028874375000000896,
              0.027133745999989856,
              0.028556273000006627
            ],
            "stddev_sec": 0.0009729758027397965
          },
          "runs": 5,
          "syntaxcheck": {
            "mean_sec": 0.14306770700000015,
            "measurements_sec": [
              0.14306187699999384,
              0.14350155200000358,
              0.14294687200001022,
              0.14278358900000399,
              0.14304464499998915
            ],
            "stddev_sec": 0.0002665105363381293
          },
          "validator_overhead_sec": 0.11437126920000366
        }
      ],
      "suite": "realworld_phases"
    },
    "realworld_resources": {
      "fixtures": [
        {
          "fixture": "e1ap_rel18.4_specs",
          "parse_only": {
            "peak_cpu_pct": 0.0,
            "peak_rss_kb": 6828
          },
          "syntaxcheck": {
            "peak_cpu_pct": 0.0,
            "peak_rss_kb": 6768
          }
        },
        {
          "fixture": "f1ap_rel18.6_specs",
          "parse_only": {
            "peak_cpu_pct": 0.0,
            "peak_rss_kb": 8504
          },
          "syntaxcheck": {
            "peak_cpu_pct": 90.9,
            "peak_rss_kb": 319412
          }
        },
        {
          "fixture": "ngap_rel18.6_specs",
          "parse_only": {
            "peak_cpu_pct": 0.0,
            "peak_rss_kb": 7036
          },
          "syntaxcheck": {
            "peak_cpu_pct": 90.9,
            "peak_rss_kb": 340732
          }
        }
      ],
      "suite": "realworld_resources"
    },
    "syntaxcheck": {
      "suite": "syntaxcheck",
      "targets": [
        {
          "fixture": "x681_x682_x683_protocol_ie_container.asn",
          "kind": "file",
          "mean_sec": 0.0018401786666686348,
          "measurements_sec": [
            0.00197007300000962,
            0.0016880489999948622,
            0.0018624140000014222
          ],
          "repeat": 3
        },
        {
          "fixture": "lteNRRCC",
          "kind": "dir",
          "mean_sec": 0.1229885836666682,
          "measurements_sec": [
            0.11910793700000966,
            0.11875843800000041,
            0.13109937599999455
          ],
          "repeat": 3
        },
        {
          "fixture": "e1ap_rel18.4_specs",
          "kind": "dir",
          "mean_sec": 0.0713506416666642,
          "measurements_sec": [
            0.07107894499999645,
            0.07113951300000565,
            0.07183346699999049
          ],
          "repeat": 3
        },
        {
          "fixture": "f1ap_rel18.6_specs",
          "kind": "dir",
          "mean_sec": 0.1939858639999983,
          "measurements_sec": [
            0.1946877029999996,
            0.19188678199999742,
            0.19538310699999784
          ],
          "repeat": 3
        },
        {
          "fixture": "ngap_rel18.6_specs",
          "kind": "dir",
          "mean_sec": 0.1435010433333351,
          "measurements_sec": [
            0.1433259679999992,
            0.14401962800000945,
            0.14315753399999664
          ],
          "repeat": 3
        }
      ]
    }
  },
  "target": "linux-x86_64"
}
